ID,名前,メールアドレス,性別,お問い合わせ内容,受付日時,処理,更新日時
2,user1,user1@sample.coma,女性,user1です。こんにちは。aaaa,"2020-05-22 15:41:10","2020-06-01 16:19:54",1
3,user2,user2@sample.com,女性,user2です。こんにちは。,"2020-05-22 15:41:10",,0
4,user3,user3@sample.com,男性,user3です。こんにちは。,"2020-05-22 15:41:10","2020-05-27 16:09:40",1
5,user4,user4@sample.com,女性,user4です。こんにちは。,"2020-05-22 15:41:10",,0
6,user5,user5@sample.com,男性,user5です。こんにちは。,"2020-05-22 15:41:10",,0
7,user6,user6@sample.com,男性,user6です。こんにちは。,"2020-05-22 15:41:10",,0
8,user7,user7@sample.com,女性,user7です。こんにちは。,"2020-05-22 15:41:10",,0
9,user8,user8@sample.com,女性,user8です。こんにちは。,"2020-05-22 15:41:10",,0
10,user9,user9@sample.com,女性,user9です。こんにちは。,"2020-05-22 15:41:10",,0
11,user10,user10@sample.com,男性,user10です。こんにちは。,"2020-05-22 15:41:10",,0
12,user11,user11@sample.com,女性,user11です。こんにちは。,"2020-05-22 15:41:10",,0
13,user12,user12@sample.com,男性,user12です。こんにちは。,"2020-05-22 15:41:10",,0
14,user13,user13@sample.com,女性,user13です。こんにちは。,"2020-05-22 15:41:10",,0
15,user14,user14@sample.com,男性,user14です。こんにちは。,"2020-05-22 15:41:10",,0
16,user15,user15@sample.com,女性,user15です。こんにちは。,"2020-05-22 15:41:10",,0
17,user16,user16@sample.com,男性,user16です。こんにちは。,"2020-05-22 15:41:10",,0
18,user17,user17@sample.com,女性,user17です。こんにちは。,"2020-05-22 15:41:10",,0
19,user18,user18@sample.com,女性,user18です。こんにちは。,"2020-05-22 15:41:10",,0
20,user19,user19@sample.com,男性,user19です。こんにちは。,"2020-05-22 15:41:10",,0
21,user20,user20@sample.com,男性,user20です。こんにちは。,"2020-05-22 15:41:10",,0
22,user21,user21@sample.com,男性,user21です。こんにちは。,"2020-05-22 15:41:10",,0
23,user22,user22@sample.com,女性,user22です。こんにちは。,"2020-05-22 15:41:10",,0
24,user23,user23@sample.com,女性,user23です。こんにちは。,"2020-05-22 15:41:10",,0
25,user24,user24@sample.com,男性,user24です。こんにちは。,"2020-05-22 15:41:10",,0
26,user25,user25@sample.com,男性,user25です。こんにちは。,"2020-05-22 15:41:10",,0
27,user26,user26@sample.com,男性,user26です。こんにちは。,"2020-05-22 15:41:10",,0
28,user27,user27@sample.com,女性,user27です。こんにちは。,"2020-05-22 15:41:10",,0
29,user28,user28@sample.com,男性,user28です。こんにちは。,"2020-05-22 15:41:10",,0
30,user29,user29@sample.com,女性,user29です。こんにちは。,"2020-05-22 15:41:10",,0
31,user30,user30@sample.com,女性,user30です。こんにちは。,"2020-05-22 15:41:10",,0
32,user31,user31@sample.com,女性,user31です。こんにちは。,"2020-05-22 15:41:10",,0
33,user32,user32@sample.com,女性,user32です。こんにちは。,"2020-05-22 15:41:10",,0
34,user33,user33@sample.com,女性,user33です。こんにちは。,"2020-05-22 15:41:10",,0
35,user34,user34@sample.com,女性,user34です。こんにちは。,"2020-05-22 15:41:10",,0
36,user35,user35@sample.com,女性,user35です。こんにちは。,"2020-05-22 15:41:10",,0
37,user36,user36@sample.com,女性,user36です。こんにちは。,"2020-05-22 15:41:10",,0
38,user37,user37@sample.com,男性,user37です。こんにちは。,"2020-05-22 15:41:10",,0
39,user38,user38@sample.com,男性,user38です。こんにちは。,"2020-05-22 15:41:10",,0
40,user39,user39@sample.com,女性,user39です。こんにちは。,"2020-05-22 15:41:10",,0
41,user40,user40@sample.com,男性,user40です。こんにちは。,"2020-05-22 15:41:10",,0
42,user41,user41@sample.com,男性,user41です。こんにちは。,"2020-05-22 15:41:10",,0
43,user42,user42@sample.com,女性,user42です。こんにちは。,"2020-05-22 15:41:10",,0
44,user43,user43@sample.com,女性,user43です。こんにちは。,"2020-05-22 15:41:10",,0
45,user44,user44@sample.com,女性,user44です。こんにちは。,"2020-05-22 15:41:10",,0
46,user45,user45@sample.com,男性,user45です。こんにちは。,"2020-05-22 15:41:10",,0
47,user46,user46@sample.com,女性,user46です。こんにちは。,"2020-05-22 15:41:10",,0
48,user47,user47@sample.com,女性,user47です。こんにちは。,"2020-05-22 15:41:10",,0
49,user48,user48@sample.com,女性,user48です。こんにちは。,"2020-05-22 15:41:10",,0
50,user49,user49@sample.com,男性,user49です。こんにちは。,"2020-05-22 15:41:10",,0
51,user50,user50@sample.com,女性,user50です。こんにちは。,"2020-05-22 15:41:10",,0
52,user51,user51@sample.com,女性,user51です。こんにちは。,"2020-05-22 15:41:10",,0
53,user52,user52@sample.com,男性,user52です。こんにちは。,"2020-05-22 15:41:10",,0
54,user53,user53@sample.com,女性,user53です。こんにちは。,"2020-05-22 15:41:10",,0
55,user54,user54@sample.com,女性,user54です。こんにちは。,"2020-05-22 15:41:10",,0
56,user55,user55@sample.com,女性,user55です。こんにちは。,"2020-05-22 15:41:10",,0
57,user56,user56@sample.com,女性,user56です。こんにちは。,"2020-05-22 15:41:10",,0
58,user57,user57@sample.com,女性,user57です。こんにちは。,"2020-05-22 15:41:10",,0
59,user58,user58@sample.com,女性,user58です。こんにちは。,"2020-05-22 15:41:10",,0
60,user59,user59@sample.com,男性,user59です。こんにちは。,"2020-05-22 15:41:10",,0
61,user60,user60@sample.com,男性,user60です。こんにちは。,"2020-05-22 15:41:10",,0
62,user61,user61@sample.com,女性,user61です。こんにちは。,"2020-05-22 15:41:10",,0
63,user62,user62@sample.com,男性,user62です。こんにちは。,"2020-05-22 15:41:10",,0
64,user63,user63@sample.com,男性,user63です。こんにちは。,"2020-05-22 15:41:10",,0
65,user64,user64@sample.com,男性,user64です。こんにちは。,"2020-05-22 15:41:10",,0
66,user65,user65@sample.com,男性,user65です。こんにちは。,"2020-05-22 15:41:10",,0
67,user66,user66@sample.com,女性,user66です。こんにちは。,"2020-05-22 15:41:10",,0
68,user67,user67@sample.com,女性,user67です。こんにちは。,"2020-05-22 15:41:10",,0
69,user68,user68@sample.com,女性,user68です。こんにちは。,"2020-05-22 15:41:10",,0
70,user69,user69@sample.com,女性,user69です。こんにちは。,"2020-05-22 15:41:10",,0
71,user70,user70@sample.com,男性,user70です。こんにちは。,"2020-05-22 15:41:10",,0
72,user71,user71@sample.com,男性,user71です。こんにちは。,"2020-05-22 15:41:10",,0
73,user72,user72@sample.com,女性,user72です。こんにちは。,"2020-05-22 15:41:10",,0
74,user73,user73@sample.com,女性,user73です。こんにちは。,"2020-05-22 15:41:10",,0
75,user74,user74@sample.com,男性,user74です。こんにちは。,"2020-05-22 15:41:10",,0
76,user75,user75@sample.com,男性,user75です。こんにちは。,"2020-05-22 15:41:10",,0
77,user76,user76@sample.com,女性,user76です。こんにちは。,"2020-05-22 15:41:10",,0
78,user77,user77@sample.com,女性,user77です。こんにちは。,"2020-05-22 15:41:10",,0
79,user78,user78@sample.com,男性,user78です。こんにちは。,"2020-05-22 15:41:10",,0
80,user79,user79@sample.com,女性,user79です。こんにちは。,"2020-05-22 15:41:10",,0
81,user80,user80@sample.com,女性,user80です。こんにちは。,"2020-05-22 15:41:10",,0
82,user81,user81@sample.com,男性,user81です。こんにちは。,"2020-05-22 15:41:10",,0
83,user82,user82@sample.com,女性,user82です。こんにちは。,"2020-05-22 15:41:10",,0
84,user83,user83@sample.com,女性,user83です。こんにちは。,"2020-05-22 15:41:10",,0
85,user84,user84@sample.com,男性,user84です。こんにちは。,"2020-05-22 15:41:10",,0
86,user85,user85@sample.com,男性,user85です。こんにちは。,"2020-05-22 15:41:10",,0
87,user86,user86@sample.com,女性,user86です。こんにちは。,"2020-05-22 15:41:10",,0
88,user87,user87@sample.com,男性,user87です。こんにちは。,"2020-05-22 15:41:10",,0
89,user88,user88@sample.com,男性,user88です。こんにちは。,"2020-05-22 15:41:10",,0
90,user89,user89@sample.com,女性,user89です。こんにちは。,"2020-05-22 15:41:10",,0
91,user90,user90@sample.com,男性,user90です。こんにちは。,"2020-05-22 15:41:10",,0
92,user91,user91@sample.com,女性,user91です。こんにちは。,"2020-05-22 15:41:10",,0
93,user92,user92@sample.com,男性,user92です。こんにちは。,"2020-05-22 15:41:10",,0
94,user93,user93@sample.com,男性,user93です。こんにちは。,"2020-05-22 15:41:10",,0
95,user94,user94@sample.com,女性,user94です。こんにちは。,"2020-05-22 15:41:10",,0
96,user95,user95@sample.com,女性,user95です。こんにちは。,"2020-05-22 15:41:10",,0
97,user96,user96@sample.com,女性,user96です。こんにちは。,"2020-05-22 15:41:10",,0
98,user97,user97@sample.com,男性,user97です。こんにちは。,"2020-05-22 15:41:10",,0
99,user98,user98@sample.com,男性,user98です。こんにちは。,"2020-05-22 15:41:10",,0
100,user99,user99@sample.com,男性,user99です。こんにちは。,"2020-05-22 15:41:10",,0
101,user100,user100@sample.com,女性,user100です。こんにちは。,"2020-05-22 15:41:10",,0
102,user101,user101@sample.com,男性,user101です。こんにちは。,"2020-05-22 15:41:10",,0
103,user102,user102@sample.com,男性,user102です。こんにちは。,"2020-05-22 15:41:10",,0
104,user103,user103@sample.com,女性,user103です。こんにちは。,"2020-05-22 15:41:10",,0
105,user104,user104@sample.com,男性,user104です。こんにちは。,"2020-05-22 15:41:10",,0
106,user105,user105@sample.com,女性,user105です。こんにちは。,"2020-05-22 15:41:10",,0
107,user106,user106@sample.com,男性,user106です。こんにちは。,"2020-05-22 15:41:10",,0
108,user107,user107@sample.com,男性,user107です。こんにちは。,"2020-05-22 15:41:10",,0
109,user108,user108@sample.com,男性,user108です。こんにちは。,"2020-05-22 15:41:10",,0
110,user109,user109@sample.com,女性,user109です。こんにちは。,"2020-05-22 15:41:10",,0
111,aaa,aaa@aa.com,男性,test,"2020-05-26 16:33:37",,0
112,aaa,aaa@aaa.com,男性,aaa,"2020-05-27 16:37:41",,0
113,aaa,aaa@aaa.com,女性,aaa,"2020-06-01 16:03:54",,0
